workload,task_idx,t_enqueue,t_start,t_complete,queue_wait_s,execution_s,total_s,overlap_s,serialized
workload_1_tasks,0,1790708110.1334,1790708110.227,1790708110.3274,0.0936,0.1004,0.1939,0.0,True
workload_5_tasks,0,1790708110.3309,1790708110.3372,1790708110.4375,0.0063,0.1003,0.1067,0.0,True
workload_5_tasks,1,1790708110.3331,1790708110.445,1790708110.5452,0.112,0.1002,0.2121,0.0,True
workload_5_tasks,2,1790708110.3351,1790708110.5517,1790708110.652,0.2167,0.1002,0.3169,0.0,True
workload_5_tasks,3,1790708110.3367,1790708110.6597,1790708110.76,0.3229,0.1004,0.4233,0.0,True
workload_5_tasks,4,1790708110.3382,1790708110.7683,1790708110.8689,0.4301,0.1006,0.5307,0.0,True
workload_10_tasks,0,1790708110.8712,1790708110.876,1790708110.9764,0.0048,0.1003,0.1051,0.0,True
workload_10_tasks,1,1790708110.8726,1790708110.9841,1790708111.0846,0.1115,0.1004,0.212,0.0,True
workload_10_tasks,2,1790708110.8741,1790708111.0921,1790708111.1924,0.218,0.1003,0.3183,0.0,True
workload_10_tasks,3,1790708110.8756,1790708111.1986,1790708111.299,0.323,0.1004,0.4234,0.0,True
workload_10_tasks,4,1790708110.8768,1790708111.3049,1790708111.405,0.4281,0.1001,0.5282,0.0,True
workload_10_tasks,5,1790708110.8781,1790708111.4108,1790708111.5113,0.5328,0.1005,0.6333,0.0,True
workload_10_tasks,6,1790708110.8794,1790708111.5177,1790708111.618,0.6384,0.1002,0.7386,0.0,True
workload_10_tasks,7,1790708110.8804,1790708111.6263,1790708111.7265,0.7459,0.1002,0.8461,0.0,True
workload_10_tasks,8,1790708110.8817,1790708111.7327,1790708111.8332,0.851,0.1005,0.9515,0.0,True
workload_10_tasks,9,1790708110.8828,1790708111.8392,1790708111.9394,0.9564,0.1002,1.0566,0.0,True
